{
      "accuracy": [
            85.0,
            40.0,
            75.0,
            75.0,
            75.0,
            80.0,
            30.0,
            55.00000000000001,
            5.0,
            0.0
      ],
      "Python": [
            85.0,
            80.0
      ],
      "C++": [
            40.0,
            30.0
      ],
      "Django": [
            75.0,
            55.00000000000001
      ],
      "HTML": [
            75.0,
            5.0
      ],
      "JavaScript": [
            75.0,
            0.0
      ]
}