{
      "accuracy": [
            90.0,
            20.0,
            55.00000000000001,
            75.0,
            85.0,
            80.0,
            20.0,
            75.0,
            75.0,
            70.0
      ],
      "Python": [
            90.0,
            80.0
      ],
      "C++": [
            20.0,
            20.0
      ],
      "Django": [
            55.00000000000001,
            75.0
      ],
      "HTML": [
            75.0,
            75.0
      ],
      "JavaScript": [
            85.0,
            70.0
      ]
}